id,title,location,description,category,images,user_id,created_at
6,test,asdfsdf,asdfsadf,Sport,"[""event-1758706109261-42153.jpeg"",""event-1758706109265-86887.jpeg""]",1,2023-10-24 08:51:38
7,Clent Hills,Clent,Scenic Walk,Nature Walks,,17,2023-10-25 07:24:50
8,Lickey Hills,Cofton,Scenic Walk,Nature Walks,,17,2023-10-25 07:25:23
9,Cadbury Factory,Bournville ,Museum,Museums & Exhibitions,,17,2023-10-25 07:26:57
10,Chasewater,Brownhill,Walk around lake,Parks & Garden,,17,2023-10-25 07:28:17
12,Shustoke Reservoir,Coleshill,Walk around the lake,Nature Walks,,17,2023-10-25 07:31:48
13,Kingsbury Water Park,Sutton Coldfield,Walk around the lake,Parks & Garden,,17,2023-10-25 07:33:27
14,Leasowes Park,Halesowen,English heritage parkland,Parks & Garden,,17,2023-10-25 07:34:48
15,Cannock Chase Forest,Rugeley,Woodland forest,Parks & Garden,,17,2023-10-25 07:36:52
16,Severn Valley Railway,Kidderminster,Steam railway,Culture & History,,17,2023-10-25 07:38:38
17,Boscobel House,Shropshire,English Heritage,Historic Houses & Castles,"[""event-1705716472702-38114.jpeg""]",17,2023-10-25 07:40:14
20,Mill Garden,Leamington Spa,Park and Garden. CV31 1BB,Parks & Garden,,17,2023-11-08 16:20:07
21,Foundry Woods,Leamington Spa,Community Woodland. CV31 3PH,Parks & Garden,,17,2023-11-08 16:21:16
22,Jephsons Gardens,Leamington Spa,Historical Garden. CV32 4AA,Parks & Garden,,17,2023-11-08 16:22:15
23,Pump Room Gardens,Leamington Spa,Historical Park Garden. CV32 4AA. Stop at Jephson Garden,Parks & Garden,,17,2023-11-08 16:23:43
24,Victoria Park,Leamington Spa,Main Park in Leamington. CV31 3PH,Parks & Garden,,17,2023-11-08 16:24:46
25,Newbold Comyn,Leamington Spa,"300 acres park. Has a old farmhouse that is now a pub, 33 metres swimming pool, cafe, chuldrens fun pool. CV32 4EW",Parks & Garden,,17,2023-11-08 16:26:42
26,Knowle Lock,Knowle,Park on the car park on Hampton Road and access the towpath of the canal then follow it south to the canal bridge on Kenilworth Road and onto Kingswood.,Nature Walks,[],17,2023-12-16 19:23:45
27,Springfield Park,Kidderminster ,Park in middle of Kidderminster,Parks & Garden,"[""event-1705397525919-74626.jpeg""]",17,2023-12-16 19:26:03
28,Warley Woods,Warley,Walk in the woods,Nature Walks,"[""event-1705397450234-22227.jpeg""]",17,2023-12-16 19:27:54
29,Heronfield Animal Rescue Centre,Knowle,Small animals,Animal and Wildlife,[],17,2023-12-16 19:30:26
30,Carding Mill Valley,Church Stretton,Can drive to top of the hill,Nature Walks,"[""event-1705397409994-42225.jpeg""]",17,2023-12-16 19:32:13
31,Plantsbrook Nature Reserve,Sutton Coldfield,Mostly Open Water,Nature Walks,"[""event-1705397372990-43000.jpeg""]",17,2023-12-16 19:34:56
32,Calthorope,Wednesbury,New Park,Culture & History,,29,2024-01-04 11:28:06
33,The Parks VR,Birmingham,VR Adventures,Indoor Activities,"[""event-1705715775402-66879.jpeg""]",17,2024-01-20 08:56:15
34,Harvington Hall,Kidderminster,"Historic House

Harvington,
Kidderminster,
Worcestershire
DY10 4LR",Historic Houses & Castles,"[""event-1705716984645-79879.jpeg"",""event-1705716984645-28194.jpeg""]",17,2024-01-20 09:16:25
35,Rosliston Forestry Centre,Rosliston,"DE12 8JX
Burton Rd , Rosliston , Swadlincote",Nature Walks,"[""event-1705717853598-98743.jpeg""]",17,2024-01-20 09:30:54
36,Dimmingsdale,Alton,"Rolling countryside provides an abundance of woodland, streams, ponds and lakes 

ST10 4BU
Alton, Stoke-on-Trent",Nature Walks,"[""event-1705718135159-66566.jpeg""]",17,2024-01-20 09:35:35
37,Cafe Craft,Bearwood,"Art, painting, jewellery creation.

521 Bearwood Road
Bearwood
Birmingham
B66 4BE",Indoor Activities,"[""event-1705719136635-96033.jpeg""]",17,2024-01-20 09:52:17
38,Hockerhill ,Staffordshire ST19 9BQ,Play area and adventure centre,Play Centres,"[""event-1711191839194-33252.jpeg""]",17,2024-03-23 18:03:59
39,Rhea Valley Ride,Worcester,Boat ride,Concerts,[],29,2024-04-17 03:13:53
40,Habberley,Bromswood,Trail,Concerts,[],29,2024-04-17 03:14:32
41,Lickey Walk,Bromsgrove,Walk,Nature Walks,[],29,2024-04-17 03:15:04
42,Spot on Wake,Henley in Harden,"Wootton Park, Wootton Wawen, Henley-in-Arden B95 6HJ",Water Activities,"[""event-1715367471622-62884.jpeg""]",17,2024-05-11 01:57:52
43,Cliff Lakes,Tamworth,"Tamworth Rd, Cliff, Tamworth B78 2DL",Water Activities,"[""event-1715367575359-86506.jpeg""]",17,2024-05-11 01:59:36
45,Subtropical Swimming Paradise,Bedford,"Woburn Forest, Fordfield Rd, Millbrook, Bedford MK45 2HZ",Water Activities,"[""event-1715368199874-35220.jpeg"",""event-1715368201775-46964.jpeg""]",17,2024-05-11 02:10:02
46,Box End Park,Bedford,"Box End Rd, Box End, Bedford MK43 8RQ",Water Activities,"[""event-1715368321112-72954.jpeg"",""event-1715368321759-44934.jpeg""]",17,2024-05-11 02:12:03
47,Twinlakes Outdoor Waterpark,Mowbray,"Melton Spinney Rd, Thorpe Arnold, Melton Mowbray LE14 4FF",Water Activities,"[""event-1715368420648-80332.jpeg""]",17,2024-05-11 02:13:41
49,test,test,Test,Culture & History,"[""event-1715394347608-18485.jpeg"",""event-1715394347862-50309.jpeg""]",29,2024-05-11 09:25:48
50,Test,Test,Test,Culture & History,"[""event-1715776796315-95399.jpeg"",""event-1715776796403-89936.jpeg""]",77,2024-05-15 19:39:56
51,Test,Test,Test,Arts & Craft,"[""event-1715995760981-11899.jpeg"",""event-1715995762691-79202.jpeg""]",77,2024-05-18 08:29:23
52,Another,Another,Ok,Arts & Craft,"[""event-1715995821288-28851.jpeg"",""event-1715995821475-79354.jpeg""]",77,2024-05-18 08:30:21
53,July 2025 Trip To Canada,Canada,Dayrit Family reunion to Edmonton including trip to Banf and Lake Louise,Other,[],109,2024-05-19 10:17:39
54,December 2025 Trip to Spain,Spain,"Plan trip to Madrid, Seville",Other,[],109,2024-05-19 10:18:22
55,August 2026 Highlights of Scandinavia,"Sweden, Norway & Denmark","https://www.goaheadtours.com/guided-tours/highlights-of-scandinavia-sweden-norway-denmark
3839 per person

",Other,[],109,2024-05-19 10:28:35
56,December 2026 Australia and New Zealand,Australia and New Zealand,Australia and New Zealand include Fiji,Other,[],109,2024-05-19 10:29:44
57,June July 2027 Switzerland,Switzerland,Swtizerand Milan Lake Como,Other,[],109,2024-05-19 10:31:08
58,Gulliver Theme Park,Matlock Bath,"Theme Park and Attraction for Family with kids

DE4 3PG",Adventure Activities,"[""event-1716845057660-25972.jpeg""]",17,2024-05-28 04:24:17
59,National Space Centre,Leicester,"Discover the wonders of space at the National Space Centre, a hub for space enthusiasts and educational opportunities.

LE4 5NS",Adventure Activities,"[""event-1716845136211-74790.jpeg""]",17,2024-05-28 04:25:36
61,Swadlincote Snowsports Centre,Swadlincote,"Tobagging and Drop slide

Swadlincote Snowsports Centre
Sir Herbert Wragg Way
Swadlincote
Derbyshire
DE11 8LP",Outdoor Activities,"[""event-1719015938980-18902.jpeg"",""event-1719015938984-35970.jpeg""]",17,2024-06-21 23:25:39
62,Isle of Man Locations,IOM,https://www.visitisleofman.com/,Holidays,"[""event-1723493353002-67590.jpeg""]",17,2024-08-12 20:09:13
